Category,URL
Age,https://www.brainyquote.com/topics/age-quotes
Alone,https://www.brainyquote.com/topics/alone-quotes
Amazing,https://www.brainyquote.com/topics/amazing-quotes
Anger,https://www.brainyquote.com/topics/anger-quotes
Anniversary,https://www.brainyquote.com/topics/anniversary-quotes
Architecture,https://www.brainyquote.com/topics/architecture-quotes
Art,https://www.brainyquote.com/topics/art-quotes
Attitude,https://www.brainyquote.com/topics/attitude-quotes
Beauty,https://www.brainyquote.com/topics/beauty-quotes
Best,https://www.brainyquote.com/topics/best-quotes
Birthday,https://www.brainyquote.com/topics/birthday-quotes
Brainy,https://www.brainyquote.com/topics/brainy-quotes
Business,https://www.brainyquote.com/topics/business-quotes
Car,https://www.brainyquote.com/topics/car-quotes
Chance,https://www.brainyquote.com/topics/chance-quotes
Change,https://www.brainyquote.com/topics/change-quotes
Christmas,https://www.brainyquote.com/topics/christmas-quotes
Communication,https://www.brainyquote.com/topics/communication-quotes
Computers,https://www.brainyquote.com/topics/computers-quotes
Cool,https://www.brainyquote.com/topics/cool-quotes
Courage,https://www.brainyquote.com/topics/courage-quotes
Dad,https://www.brainyquote.com/topics/dad-quotes
Dating,https://www.brainyquote.com/topics/dating-quotes
Death,https://www.brainyquote.com/topics/death-quotes
Design,https://www.brainyquote.com/topics/design-quotes
Diet,https://www.brainyquote.com/topics/diet-quotes
Dreams,https://www.brainyquote.com/topics/dreams-quotes
Easter,https://www.brainyquote.com/topics/easter-quotes
Education,https://www.brainyquote.com/topics/education-quotes
Environmental,https://www.brainyquote.com/topics/environmental-quotes
Equality,https://www.brainyquote.com/topics/equality-quotes
Experience,https://www.brainyquote.com/topics/experience-quotes
Failure,https://www.brainyquote.com/topics/failure-quotes
Faith,https://www.brainyquote.com/topics/faith-quotes
Family,https://www.brainyquote.com/topics/family-quotes
Famous,https://www.brainyquote.com/topics/famous-quotes
Father's Day,https://www.brainyquote.com/topics/fathers-day-quotes
Fear,https://www.brainyquote.com/topics/fear-quotes
Finance,https://www.brainyquote.com/topics/finance-quotes
Fitness,https://www.brainyquote.com/topics/fitness-quotes
Food,https://www.brainyquote.com/topics/food-quotes
Forgiveness,https://www.brainyquote.com/topics/forgiveness-quotes
Freedom,https://www.brainyquote.com/topics/freedom-quotes
Friendship,https://www.brainyquote.com/topics/friendship-quotes
Funny,https://www.brainyquote.com/topics/funny-quotes
Future,https://www.brainyquote.com/topics/future-quotes
Gardening,https://www.brainyquote.com/topics/gardening-quotes
God,https://www.brainyquote.com/topics/god-quotes
Good,https://www.brainyquote.com/topics/good-quotes
Government,https://www.brainyquote.com/topics/government-quotes
Graduation,https://www.brainyquote.com/topics/graduation-quotes
Great,https://www.brainyquote.com/topics/great-quotes
Happiness,https://www.brainyquote.com/topics/happiness-quotes
Health,https://www.brainyquote.com/topics/health-quotes
History,https://www.brainyquote.com/topics/history-quotes
Home,https://www.brainyquote.com/topics/home-quotes
Hope,https://www.brainyquote.com/topics/hope-quotes
Humor,https://www.brainyquote.com/topics/humor-quotes
Imagination,https://www.brainyquote.com/topics/imagination-quotes
Independence,https://www.brainyquote.com/topics/independence-quotes
Inspirational,https://www.brainyquote.com/topics/inspirational-quotes
Intelligence,https://www.brainyquote.com/topics/intelligence-quotes
Jealousy,https://www.brainyquote.com/topics/jealousy-quotes
Knowledge,https://www.brainyquote.com/topics/knowledge-quotes
Leadership,https://www.brainyquote.com/topics/leadership-quotes
Learning,https://www.brainyquote.com/topics/learning-quotes
Legal,https://www.brainyquote.com/topics/legal-quotes
Life,https://www.brainyquote.com/topics/life-quotes
Love,https://www.brainyquote.com/topics/love-quotes
Marriage,https://www.brainyquote.com/topics/marriage-quotes
Medical,https://www.brainyquote.com/topics/medical-quotes
Memorial Day,https://www.brainyquote.com/topics/memorial-day-quotes
Men,https://www.brainyquote.com/topics/men-quotes
Mom,https://www.brainyquote.com/topics/mom-quotes
Money,https://www.brainyquote.com/topics/money-quotes
Morning,https://www.brainyquote.com/topics/morning-quotes
Mother's Day,https://www.brainyquote.com/topics/mothers-day-quotes
Motivational,https://www.brainyquote.com/topics/motivational-quotes
Movies,https://www.brainyquote.com/topics/movies-quotes
Moving On,https://www.brainyquote.com/topics/moving-on-quotes
Music,https://www.brainyquote.com/topics/music-quotes
Nature,https://www.brainyquote.com/topics/nature-quotes
New Year's,https://www.brainyquote.com/topics/new-years-quotes
Parenting,https://www.brainyquote.com/topics/parenting-quotes
Patience,https://www.brainyquote.com/topics/patience-quotes
Patriotism,https://www.brainyquote.com/topics/patriotism-quotes
Peace,https://www.brainyquote.com/topics/peace-quotes
Pet,https://www.brainyquote.com/topics/pet-quotes
Poetry,https://www.brainyquote.com/topics/poetry-quotes
Politics,https://www.brainyquote.com/topics/politics-quotes
Positive,https://www.brainyquote.com/topics/positive-quotes
Power,https://www.brainyquote.com/topics/power-quotes
Relationship,https://www.brainyquote.com/topics/relationship-quotes
Religion,https://www.brainyquote.com/topics/religion-quotes
Respect,https://www.brainyquote.com/topics/respect-quotes
Romantic,https://www.brainyquote.com/topics/romantic-quotes
Sad,https://www.brainyquote.com/topics/sad-quotes
Saint Patrick's Day,https://www.brainyquote.com/topics/saint-patricks-day-quotes
Science,https://www.brainyquote.com/topics/science-quotes
Smile,https://www.brainyquote.com/topics/smile-quotes
Society,https://www.brainyquote.com/topics/society-quotes
Space,https://www.brainyquote.com/topics/space-quotes
Sports,https://www.brainyquote.com/topics/sports-quotes
Strength,https://www.brainyquote.com/topics/strength-quotes
Success,https://www.brainyquote.com/topics/success-quotes
Sympathy,https://www.brainyquote.com/topics/sympathy-quotes
Teacher,https://www.brainyquote.com/topics/teacher-quotes
Technology,https://www.brainyquote.com/topics/technology-quotes
Teen,https://www.brainyquote.com/topics/teen-quotes
Thankful,https://www.brainyquote.com/topics/thankful-quotes
Thanksgiving,https://www.brainyquote.com/topics/thanksgiving-quotes
Time,https://www.brainyquote.com/topics/time-quotes
Travel,https://www.brainyquote.com/topics/travel-quotes
Trust,https://www.brainyquote.com/topics/trust-quotes
Truth,https://www.brainyquote.com/topics/truth-quotes
Valentine's Day,https://www.brainyquote.com/topics/valentines-day-quotes
Veterans Day,https://www.brainyquote.com/topics/veterans-day-quotes
War,https://www.brainyquote.com/topics/war-quotes
Wedding,https://www.brainyquote.com/topics/wedding-quotes
Wisdom,https://www.brainyquote.com/topics/wisdom-quotes
Women,https://www.brainyquote.com/topics/women-quotes
Work,https://www.brainyquote.com/topics/work-quotes
